{"cameraMode":{"drawMode":0,"name":"Shaded","section":"Shading Mode"},"sceneLighting":true,"audioPlay":false,"sceneViewState":{"m_AlwaysRefresh":false,"showFog":true,"showSkybox":true,"showFlares":true,"showImageEffects":true,"showParticleSystems":true,"showVisualEffectGraphs":true,"m_FxEnabled":true},"in2DMode":false,"pivot":{"x":-0.5278825759887695,"y":3.5350825786590578,"z":-0.0778498649597168},"rotation":{"x":-0.020671343430876733,"y":0.24259594082832337,"z":-0.005170280113816261,"w":-0.9698941707611084},"size":13.227603912353516,"orthographic":false}