{"cameraMode":{"drawMode":0,"name":"Shaded","section":"Shading Mode"},"sceneLighting":true,"audioPlay":false,"sceneViewState":{"m_AlwaysRefresh":false,"showFog":true,"showSkybox":true,"showFlares":true,"showImageEffects":true,"showParticleSystems":true,"showVisualEffectGraphs":true,"m_FxEnabled":true},"in2DMode":false,"pivot":{"x":-0.19370746612548829,"y":-1.3776752948760987,"z":-3.734549045562744},"rotation":{"x":-0.21989190578460694,"y":0.40805137157440188,"z":-0.10193964093923569,"w":-0.8801994919776917},"size":10.157421112060547,"orthographic":false}